{
  "next-env.d.ts": 1776002056.751287,
  "lib/utils.ts": 1776002056.751287,
  "lib/supabase.ts": 1776002056.751287,
  "lib/poker/hand-evaluator.ts": 1776002056.751287,
  "lib/poker/game.ts": 1776002056.751287,
  "lib/poker/types.ts": 1776002056.751287,
  "lib/poker/game-manager.ts": 1776002056.751287,
  "lib/poker/table.ts": 1776002056.751287,
  "lib/poker/deck.ts": 1776002056.751287,
  "hooks/use-mobile.ts": 1776002056.751287,
  "hooks/use-toast.ts": 1776002056.751287,
  "components/theme-provider.tsx": 1776002056.749287,
  "components/ui/toaster.tsx": 1776002056.7502868,
  "components/ui/select.tsx": 1776002056.7502868,
  "components/ui/use-mobile.tsx": 1776002056.751287,
  "components/ui/tooltip.tsx": 1776002056.7502868,
  "components/ui/calendar.tsx": 1776002056.749287,
  "components/ui/pagination.tsx": 1776002056.7502868,
  "components/ui/checkbox.tsx": 1776002056.749287,
  "components/ui/input-otp.tsx": 1776002056.7502868,
  "components/ui/badge.tsx": 1776002056.749287,
  "components/ui/breadcrumb.tsx": 1776002056.749287,
  "components/ui/scroll-area.tsx": 1776002056.7502868,
  "components/ui/field.tsx": 1776002056.7502868,
  "components/ui/resizable.tsx": 1776002056.7502868,
  "components/ui/drawer.tsx": 1776002056.7502868,
  "components/ui/alert.tsx": 1776002056.749287,
  "components/ui/tabs.tsx": 1776002056.7502868,
  "components/ui/hover-card.tsx": 1776002056.7502868,
  "components/ui/collapsible.tsx": 1776002056.749287,
  "components/ui/toggle.tsx": 1776002056.7502868,
  "components/ui/input-group.tsx": 1776002056.7502868,
  "components/ui/chart.tsx": 1776002056.749287,
  "components/ui/input.tsx": 1776002056.7502868,
  "components/ui/context-menu.tsx": 1776002056.7502868,
  "components/ui/button.tsx": 1776002056.749287,
  "components/ui/dialog.tsx": 1776002056.7502868,
  "components/ui/kbd.tsx": 1776002056.7502868,
  "components/ui/toast.tsx": 1776002056.7502868,
  "components/ui/alert-dialog.tsx": 1776002056.749287,
  "components/ui/spinner.tsx": 1776002056.7502868,
  "components/ui/dropdown-menu.tsx": 1776002056.7502868,
  "components/ui/form.tsx": 1776002056.7502868,
  "components/ui/sheet.tsx": 1776002056.7502868,
  "components/ui/card.tsx": 1776002056.749287,
  "components/ui/accordion.tsx": 1776002056.749287,
  "components/ui/skeleton.tsx": 1776002056.7502868,
  "components/ui/aspect-ratio.tsx": 1776002056.749287,
  "components/ui/empty.tsx": 1776002056.7502868,
  "components/ui/label.tsx": 1776002056.7502868,
  "components/ui/radio-group.tsx": 1776002056.7502868,
  "components/ui/item.tsx": 1776002056.7502868,
  "components/ui/textarea.tsx": 1776002056.7502868,
  "components/ui/menubar.tsx": 1776002056.7502868,
  "components/ui/button-group.tsx": 1776002056.749287,
  "components/ui/popover.tsx": 1776002056.7502868,
  "components/ui/avatar.tsx": 1776002056.749287,
  "components/ui/sidebar.tsx": 1776002056.7502868,
  "components/ui/table.tsx": 1776002056.7502868,
  "components/ui/progress.tsx": 1776002056.7502868,
  "components/ui/switch.tsx": 1776002056.7502868,
  "components/ui/use-toast.ts": 1776002056.751287,
  "components/ui/carousel.tsx": 1776002056.749287,
  "components/ui/separator.tsx": 1776002056.7502868,
  "components/ui/command.tsx": 1776002056.7502868,
  "components/ui/toggle-group.tsx": 1776002056.7502868,
  "components/ui/slider.tsx": 1776002056.7502868,
  "components/ui/navigation-menu.tsx": 1776002056.7502868,
  "components/ui/sonner.tsx": 1776002056.7502868,
  "components/poker/table-list.tsx": 1776002056.749287,
  "components/poker/player-seat.tsx": 1776002056.749287,
  "components/poker/action-log.tsx": 1776002056.749287,
  "components/poker/poker-table.tsx": 1776002056.749287,
  "components/poker/playing-card.tsx": 1776002056.749287,
  "agents/llm-agent.ts": 1776002056.748287,
  "agents/tight-agent.ts": 1776002056.748287,
  "agents/random-agent.ts": 1776002056.748287,
  "app/page.tsx": 1776002056.749287,
  "app/layout.tsx": 1776002056.749287,
  "app/docs/page.tsx": 1776002056.749287,
  "app/watch/[tableId]/page.tsx": 1776002056.749287,
  "app/agents/page.tsx": 1776002056.748287,
  "app/api/auth/challenge/route.ts": 1776002056.748287,
  "app/api/auth/verify/route.ts": 1776002056.748287,
  "app/api/agents/route.ts": 1776002056.748287,
  "app/api/deposits/verify/route.ts": 1776002056.749287,
  "app/api/tables/route.ts": 1776002056.749287,
  "app/api/tables/[tableId]/action/route.ts": 1776002056.749287,
  "app/api/tables/[tableId]/stream/route.ts": 1776002056.749287,
  "README.md": 1776002056.748287,
  "public/placeholder.jpg": 1776002056.7532868,
  "public/icon-light-32x32.png": 1776002056.7532868,
  "public/placeholder-user.jpg": 1776002056.7532868,
  "public/placeholder-logo.svg": 1776002056.7532868,
  "public/icon-dark-32x32.png": 1776002056.7532868,
  "public/icon.svg": 1776002056.7532868,
  "public/apple-icon.png": 1776002056.7532868,
  "public/placeholder.svg": 1776002056.7532868,
  "public/placeholder-logo.png": 1776002056.7532868
}